symbol,direction,scenario_id,scenario_name,entry_price,stop_loss,take_profit,issued_at_tehran,status,outcome,hit_time_tehran,hit_price,broker_fee,final_pnl_usd,position_size_usd,return_pct,signal_source
BTC-USDT,LONG,S1,پرومتئوس (Prometheus),80822.00000000,77589.12000000,0.00000000,2026-09-04 07:12:36,CLOSED,TRAIL_STOP,2026-09-04 04:17:20,81040.25000000,0.200000,0.070038,10.00,0.270038,titan_signal
BTC-USDT,LONG,S3,کرونوس (Cronus),80822.00000000,77589.12000000,0.00000000,2026-09-04 07:12:37,CLOSED,TRAIL_STOP,2026-09-04 04:17:20,81040.25000000,0.200000,0.070038,10.00,0.270038,titan_signal
BTC-USDT,LONG,B1,هایپریون (Hyperion),80822.00000000,77589.12000000,0.00000000,2026-09-04 07:12:39,CLOSED,TRAIL_STOP,2026-09-04 04:17:21,81040.25000000,0.200000,0.070038,10.00,0.270038,titan_signal
ETH-USDT,LONG,S1,پرومتئوس (Prometheus),2505.83000000,2405.59680000,0.00000000,2026-09-04 07:12:40,CLOSED,TRAIL_STOP,2026-09-04 04:43:03,2521.93100000,0.200000,0.442542,10.00,0.642542,titan_signal
ETH-USDT,LONG,S3,کرونوس (Cronus),2505.83000000,2405.59680000,0.00000000,2026-09-04 07:12:42,CLOSED,TRAIL_STOP,2026-09-04 04:43:04,2521.93100000,0.200000,0.442542,10.00,0.642542,titan_signal
ETH-USDT,LONG,B1,هایپریون (Hyperion),2505.83000000,2405.59680000,0.00000000,2026-09-04 07:12:44,CLOSED,TRAIL_STOP,2026-09-04 04:43:04,2521.93100000,0.200000,0.442542,10.00,0.642542,titan_signal
BNB-USDT,LONG,S1,پرومتئوس (Prometheus),724.28300000,695.31168000,0.00000000,2026-09-04 07:12:45,CLOSED,TRAIL_STOP,2026-09-04 04:43:05,728.92790000,0.200000,0.441310,10.00,0.641310,titan_signal
BNB-USDT,LONG,S3,کرونوس (Cronus),724.28300000,695.31168000,0.00000000,2026-09-04 07:12:47,CLOSED,TRAIL_STOP,2026-09-04 04:43:05,728.92790000,0.200000,0.441310,10.00,0.641310,titan_signal
BNB-USDT,LONG,B1,هایپریون (Hyperion),724.28300000,695.31168000,0.00000000,2026-09-04 07:12:48,CLOSED,TRAIL_STOP,2026-09-04 04:43:06,728.92790000,0.200000,0.441310,10.00,0.641310,titan_signal
SOL-USDT,LONG,S1,پرومتئوس (Prometheus),103.83000000,99.67680000,0.00000000,2026-09-04 07:12:50,CLOSED,TRAIL_STOP,2026-09-04 04:43:06,104.25300000,0.200000,0.207397,10.00,0.407397,titan_signal
SOL-USDT,LONG,S3,کرونوس (Cronus),103.83000000,99.67680000,0.00000000,2026-09-04 07:12:51,CLOSED,TRAIL_STOP,2026-09-04 04:43:06,104.25300000,0.200000,0.207397,10.00,0.407397,titan_signal
SOL-USDT,LONG,B1,هایپریون (Hyperion),103.83000000,99.67680000,0.00000000,2026-09-04 07:12:53,CLOSED,TRAIL_STOP,2026-09-04 04:43:07,104.25300000,0.200000,0.207397,10.00,0.407397,titan_signal
XRP-USDT,LONG,S1,پرومتئوس (Prometheus),1.44769000,1.38978240,0.00000000,2026-09-04 07:12:55,CLOSED,TRAIL_STOP,2026-09-04 04:17:24,1.45210900,0.200000,0.105245,10.00,0.305245,titan_signal
XRP-USDT,LONG,S3,کرونوس (Cronus),1.44769000,1.38978240,0.00000000,2026-09-04 07:12:57,CLOSED,TRAIL_STOP,2026-09-04 04:17:24,1.45210900,0.200000,0.105245,10.00,0.305245,titan_signal
XRP-USDT,LONG,B1,هایپریون (Hyperion),1.44769000,1.38978240,0.00000000,2026-09-04 07:12:58,CLOSED,TRAIL_STOP,2026-09-04 04:17:25,1.45210900,0.200000,0.105245,10.00,0.305245,titan_signal
XAUT-USDT,LONG,S1,پرومتئوس (Prometheus),4465.45000000,4286.83200000,0.00000000,2026-09-04 07:13:00,CLOSED,TRAIL_STOP,2026-09-04 08:18:46,4477.56400000,0.200000,0.071283,10.00,0.271283,titan_signal
XAUT-USDT,LONG,S3,کرونوس (Cronus),4465.45000000,4286.83200000,0.00000000,2026-09-04 07:13:01,CLOSED,TRAIL_STOP,2026-09-04 08:18:46,4477.56400000,0.200000,0.071283,10.00,0.271283,titan_signal
XAUT-USDT,LONG,B1,هایپریون (Hyperion),4465.45000000,4286.83200000,0.00000000,2026-09-04 07:13:03,CLOSED,TRAIL_STOP,2026-09-04 08:18:47,4477.56400000,0.200000,0.071283,10.00,0.271283,titan_signal
LTC-USDT,LONG,S3,کرونوس (Cronus),51.06000000,49.01760000,0.00000000,2026-09-04 07:13:05,CLOSED,TRAIL_STOP,2026-09-04 04:43:08,51.32100000,0.200000,0.311163,10.00,0.511163,titan_signal
LTC-USDT,LONG,B1,هایپریون (Hyperion),51.06000000,49.01760000,0.00000000,2026-09-04 07:13:06,CLOSED,TRAIL_STOP,2026-09-04 04:43:08,51.32100000,0.200000,0.311163,10.00,0.511163,titan_signal
DOGE-USDT,LONG,S1,پرومتئوس (Prometheus),0.08726000,0.08376960,0.00000000,2026-09-04 07:13:24,CLOSED,TRAIL_STOP,2026-09-04 04:43:09,0.08751200,0.200000,0.088792,10.00,0.288792,titan_signal
DOGE-USDT,LONG,S3,کرونوس (Cronus),0.08726000,0.08376960,0.00000000,2026-09-04 07:13:37,CLOSED,TRAIL_STOP,2026-09-04 04:43:09,0.08751200,0.200000,0.088792,10.00,0.288792,titan_signal
DOGE-USDT,LONG,B1,هایپریون (Hyperion),0.08726000,0.08376960,0.00000000,2026-09-04 07:13:38,CLOSED,TRAIL_STOP,2026-09-04 04:43:10,0.08751200,0.200000,0.088792,10.00,0.288792,titan_signal
SUI-USDT,LONG,S3,کرونوس (Cronus),0.77290000,0.74198400,0.00000000,2026-09-04 07:13:41,CLOSED,TRAIL_STOP,2026-09-04 04:43:10,0.77686000,0.200000,0.312356,10.00,0.512356,titan_signal
NEAR-USDT,LONG,S3,کرونوس (Cronus),1.95350000,1.87536000,0.00000000,2026-09-04 07:13:42,CLOSED,TRAIL_STOP,2026-09-04 04:43:11,1.96313000,0.200000,0.292961,10.00,0.492961,titan_signal
NEAR-USDT,LONG,B1,هایپریون (Hyperion),1.95350000,1.87536000,0.00000000,2026-09-04 07:13:44,CLOSED,TRAIL_STOP,2026-09-04 04:43:11,1.96313000,0.200000,0.292961,10.00,0.492961,titan_signal
ADA-USDT,LONG,S3,کرونوس (Cronus),0.22460000,0.21561600,0.00000000,2026-09-04 07:13:45,CLOSED,TRAIL_STOP,2026-09-04 04:43:12,0.22541000,0.200000,0.160641,10.00,0.360641,titan_signal
ADA-USDT,LONG,B1,هایپریون (Hyperion),0.22460000,0.21561600,0.00000000,2026-09-04 07:13:47,CLOSED,TRAIL_STOP,2026-09-04 04:43:12,0.22541000,0.200000,0.160641,10.00,0.360641,titan_signal
LINK-USDT,LONG,S1,پرومتئوس (Prometheus),11.88180000,11.40652800,0.00000000,2026-09-04 07:13:49,CLOSED,TRAIL_STOP,2026-09-04 04:17:28,11.92536000,0.200000,0.166611,10.00,0.366611,titan_signal
LINK-USDT,LONG,S3,کرونوس (Cronus),11.88180000,11.40652800,0.00000000,2026-09-04 07:13:51,CLOSED,TRAIL_STOP,2026-09-04 04:17:29,11.92536000,0.200000,0.166611,10.00,0.366611,titan_signal
LINK-USDT,LONG,B1,هایپریون (Hyperion),11.88180000,11.40652800,0.00000000,2026-09-04 07:13:52,CLOSED,TRAIL_STOP,2026-09-04 04:17:29,11.92536000,0.200000,0.166611,10.00,0.366611,titan_signal
AVAX-USDT,LONG,S1,پرومتئوس (Prometheus),7.49700000,7.19712000,0.00000000,2026-09-04 07:13:54,CLOSED,TRAIL_STOP,2026-09-04 04:43:12,7.51950000,0.200000,0.100120,10.00,0.300120,titan_signal
AVAX-USDT,LONG,S3,کرونوس (Cronus),7.49700000,7.19712000,0.00000000,2026-09-04 07:13:55,CLOSED,TRAIL_STOP,2026-09-04 04:43:13,7.51950000,0.200000,0.100120,10.00,0.300120,titan_signal
AVAX-USDT,LONG,B1,هایپریون (Hyperion),7.49700000,7.19712000,0.00000000,2026-09-04 07:13:57,CLOSED,TRAIL_STOP,2026-09-04 04:43:13,7.51950000,0.200000,0.100120,10.00,0.300120,titan_signal
FIL-USDT,SHORT,S2,ایاپتوس (Iapetus),0.77450000,0.80548000,0.00000000,2026-09-04 07:13:58,CLOSED,TRAIL_STOP,2026-09-04 06:21:37,0.76703000,0.200000,0.764493,10.00,0.964493,titan_signal
FIL-USDT,SHORT,S3,کرونوس (Cronus),0.77450000,0.80548000,0.00000000,2026-09-04 07:14:00,CLOSED,TRAIL_STOP,2026-09-04 05:42:32,0.77234000,0.200000,0.078890,10.00,0.278890,titan_signal
INJ-USDT,LONG,S3,کرونوس (Cronus),4.93300000,4.73568000,0.00000000,2026-09-04 07:14:02,CLOSED,STOP_HIT,2026-09-04 12:48:30,4.73568000,0.200000,-4.200000,10.00,-4.000000,titan_signal
INJ-USDT,LONG,B1,هایپریون (Hyperion),4.93300000,4.73568000,0.00000000,2026-09-04 07:14:04,CLOSED,STOP_HIT,2026-09-04 12:48:30,4.73568000,0.200000,-4.200000,10.00,-4.000000,titan_signal
SEI-USDT,LONG,S3,کرونوس (Cronus),0.04859000,0.04664640,0.00000000,2026-09-04 07:14:05,CLOSED,TRAIL_STOP,2026-09-04 04:17:32,0.04883300,0.200000,0.300103,10.00,0.500103,titan_signal
TIA-USDT,LONG,S3,کرونوس (Cronus),0.36290000,0.34838400,0.00000000,2026-09-04 07:14:07,CLOSED,TRAIL_STOP,2026-09-04 04:43:15,0.36452000,0.200000,0.246404,10.00,0.446404,titan_signal
TIA-USDT,LONG,B1,هایپریون (Hyperion),0.36290000,0.34838400,0.00000000,2026-09-04 07:14:08,CLOSED,TRAIL_STOP,2026-09-04 04:43:15,0.36452000,0.200000,0.246404,10.00,0.446404,titan_signal
OP-USDT,LONG,S3,کرونوس (Cronus),0.09950000,0.09552000,0.00000000,2026-09-04 07:14:26,CLOSED,TRAIL_STOP,2026-09-04 04:17:33,0.09995000,0.200000,0.252261,10.00,0.452261,titan_signal
PEPE-USDT,LONG,S3,کرونوس (Cronus),0.00000367,0.00000352,0.00000000,2026-09-04 07:14:40,CLOSED,TRAIL_STOP,2026-09-04 04:17:33,0.00000368,0.200000,0.070049,10.00,0.270049,titan_signal
PEPE-USDT,LONG,B1,هایپریون (Hyperion),0.00000367,0.00000352,0.00000000,2026-09-04 07:14:41,CLOSED,TRAIL_STOP,2026-09-04 04:17:34,0.00000368,0.200000,0.070049,10.00,0.270049,titan_signal
SHIB-USDT,LONG,S3,کرونوس (Cronus),0.00000536,0.00000514,0.00000000,2026-09-04 07:14:43,CLOSED,TRAIL_STOP,2026-09-04 04:43:16,0.00000538,0.200000,0.203286,10.00,0.403286,titan_signal
SHIB-USDT,LONG,B1,هایپریون (Hyperion),0.00000536,0.00000514,0.00000000,2026-09-04 07:14:44,CLOSED,TRAIL_STOP,2026-09-04 04:43:16,0.00000538,0.200000,0.203286,10.00,0.403286,titan_signal
BTC-USDT,LONG,S1,پرومتئوس (Prometheus),81046.10000000,77804.25600000,0.00000000,2026-09-04 07:47:55,CLOSED,TRAIL_STOP,2026-09-04 09:43:52,81270.02000000,0.200000,0.076287,10.00,0.276287,titan_signal
BTC-USDT,LONG,S3,کرونوس (Cronus),81046.10000000,77804.25600000,0.00000000,2026-09-04 07:47:57,CLOSED,TRAIL_STOP,2026-09-04 09:43:52,81270.02000000,0.200000,0.076287,10.00,0.276287,titan_signal
BTC-USDT,LONG,B1,هایپریون (Hyperion),81046.10000000,77804.25600000,0.00000000,2026-09-04 07:47:58,CLOSED,TRAIL_STOP,2026-09-04 09:43:53,81270.02000000,0.200000,0.076287,10.00,0.276287,titan_signal
XRP-USDT,LONG,S1,پرومتئوس (Prometheus),1.44867000,1.39072320,0.00000000,2026-09-04 07:48:01,CLOSED,TRAIL_STOP,2026-09-04 04:43:17,1.45566300,0.200000,0.282719,10.00,0.482719,titan_signal
XRP-USDT,LONG,S3,کرونوس (Cronus),1.44867000,1.39072320,0.00000000,2026-09-04 07:48:03,CLOSED,TRAIL_STOP,2026-09-04 04:43:17,1.45566300,0.200000,0.282719,10.00,0.482719,titan_signal
XRP-USDT,LONG,B1,هایپریون (Hyperion),1.44867000,1.39072320,0.00000000,2026-09-04 07:48:04,CLOSED,TRAIL_STOP,2026-09-04 04:43:18,1.45566300,0.200000,0.282719,10.00,0.482719,titan_signal
SUI-USDT,LONG,B1,هایپریون (Hyperion),0.77340000,0.74246400,0.00000000,2026-09-04 07:48:07,CLOSED,TRAIL_STOP,2026-09-04 04:43:18,0.77709000,0.200000,0.277114,10.00,0.477114,titan_signal
ADA-USDT,LONG,S1,پرومتئوس (Prometheus),0.22420000,0.21523200,0.00000000,2026-09-04 07:48:24,CLOSED,TRAIL_STOP,2026-09-04 04:43:19,0.22690000,0.200000,1.004282,10.00,1.204282,titan_signal
LINK-USDT,LONG,S1,پرومتئوس (Prometheus),11.91210000,11.43561600,0.00000000,2026-09-04 07:48:38,CLOSED,TRAIL_STOP,2026-09-04 04:43:19,11.99121000,0.200000,0.464115,10.00,0.664115,titan_signal
LINK-USDT,LONG,S3,کرونوس (Cronus),11.91210000,11.43561600,0.00000000,2026-09-04 07:48:40,CLOSED,TRAIL_STOP,2026-09-04 04:43:20,11.99121000,0.200000,0.464115,10.00,0.664115,titan_signal
LINK-USDT,LONG,B1,هایپریون (Hyperion),11.91210000,11.43561600,0.00000000,2026-09-04 07:48:41,CLOSED,TRAIL_STOP,2026-09-04 04:43:20,11.99121000,0.200000,0.464115,10.00,0.664115,titan_signal
ATOM-USDT,LONG,S1,پرومتئوس (Prometheus),1.51790000,1.45718400,0.00000000,2026-09-04 07:48:43,CLOSED,TRAIL_STOP,2026-09-04 09:17:17,1.52483000,0.200000,0.256552,10.00,0.456552,titan_signal
ATOM-USDT,LONG,S3,کرونوس (Cronus),1.51790000,1.45718400,0.00000000,2026-09-04 07:48:44,CLOSED,TRAIL_STOP,2026-09-04 09:17:17,1.52483000,0.200000,0.256552,10.00,0.456552,titan_signal
ATOM-USDT,LONG,B1,هایپریون (Hyperion),1.51790000,1.45718400,0.00000000,2026-09-04 07:48:45,CLOSED,TRAIL_STOP,2026-09-04 09:17:18,1.52483000,0.200000,0.256552,10.00,0.456552,titan_signal
SEI-USDT,LONG,S3,کرونوس (Cronus),0.04879000,0.04683840,0.00000000,2026-09-04 07:48:48,CLOSED,TRAIL_STOP,2026-09-04 04:43:21,0.04901500,0.200000,0.261160,10.00,0.461160,titan_signal
POL-USDT,LONG,S3,کرونوس (Cronus),0.09440000,0.09062400,0.00000000,2026-09-04 07:48:49,CLOSED,TRAIL_STOP,2026-09-04 05:42:34,0.09467000,0.200000,0.086017,10.00,0.286017,titan_signal
POL-USDT,LONG,B1,هایپریون (Hyperion),0.09440000,0.09062400,0.00000000,2026-09-04 07:48:51,CLOSED,TRAIL_STOP,2026-09-04 05:42:34,0.09467000,0.200000,0.086017,10.00,0.286017,titan_signal
PEPE-USDT,LONG,S3,کرونوس (Cronus),0.00000367,0.00000353,0.00000000,2026-09-04 07:48:53,CLOSED,TRAIL_STOP,2026-09-04 04:43:22,0.00000369,0.200000,0.290196,10.00,0.490196,titan_signal
PEPE-USDT,LONG,B1,هایپریون (Hyperion),0.00000367,0.00000353,0.00000000,2026-09-04 07:48:54,CLOSED,TRAIL_STOP,2026-09-04 04:43:22,0.00000369,0.200000,0.290196,10.00,0.490196,titan_signal
ETH-USDT,LONG,S1,پرومتئوس (Prometheus),2512.07000000,2411.58720000,0.00000000,2026-09-04 08:14:47,CLOSED,TRAIL_STOP,2026-09-04 08:45:03,2520.48500000,0.200000,0.134983,10.00,0.334983,titan_signal
ETH-USDT,LONG,S3,کرونوس (Cronus),2512.07000000,2411.58720000,0.00000000,2026-09-04 08:14:49,CLOSED,TRAIL_STOP,2026-09-04 08:45:03,2520.48500000,0.200000,0.134983,10.00,0.334983,titan_signal
ETH-USDT,LONG,B1,هایپریون (Hyperion),2512.07000000,2411.58720000,0.00000000,2026-09-04 08:14:50,CLOSED,TRAIL_STOP,2026-09-04 08:45:04,2520.48500000,0.200000,0.134983,10.00,0.334983,titan_signal
BNB-USDT,LONG,S1,پرومتئوس (Prometheus),725.76400000,696.73344000,0.00000000,2026-09-04 08:14:52,CLOSED,EOD_FORCE_CLOSE,2026-09-04 19:33:18,720.58900000,0.200000,-0.913042,10.00,-0.713042,titan_signal
BNB-USDT,LONG,S3,کرونوس (Cronus),725.76400000,696.73344000,0.00000000,2026-09-04 08:15:09,CLOSED,EOD_FORCE_CLOSE,2026-09-04 19:33:18,720.58900000,0.200000,-0.913042,10.00,-0.713042,titan_signal
BNB-USDT,LONG,B1,هایپریون (Hyperion),725.76400000,696.73344000,0.00000000,2026-09-04 08:15:27,CLOSED,EOD_FORCE_CLOSE,2026-09-04 19:33:19,720.58900000,0.200000,-0.913042,10.00,-0.713042,titan_signal
SOL-USDT,LONG,S1,پرومتئوس (Prometheus),103.89000000,99.73440000,0.00000000,2026-09-04 08:15:28,CLOSED,TRAIL_STOP,2026-09-04 09:17:19,104.44800000,0.200000,0.337107,10.00,0.537107,titan_signal
SOL-USDT,LONG,S3,کرونوس (Cronus),103.89000000,99.73440000,0.00000000,2026-09-04 08:15:30,CLOSED,TRAIL_STOP,2026-09-04 09:17:19,104.44800000,0.200000,0.337107,10.00,0.537107,titan_signal
SOL-USDT,LONG,B1,هایپریون (Hyperion),103.89000000,99.73440000,0.00000000,2026-09-04 08:15:31,CLOSED,TRAIL_STOP,2026-09-04 09:17:20,104.44800000,0.200000,0.337107,10.00,0.537107,titan_signal
XRP-USDT,LONG,S1,پرومتئوس (Prometheus),1.45062000,1.39259520,0.00000000,2026-09-04 08:15:34,CLOSED,TRAIL_STOP,2026-09-04 09:17:20,1.45692900,0.200000,0.234917,10.00,0.434917,titan_signal
XRP-USDT,LONG,S3,کرونوس (Cronus),1.45062000,1.39259520,0.00000000,2026-09-04 08:15:35,CLOSED,TRAIL_STOP,2026-09-04 09:17:21,1.45692900,0.200000,0.234917,10.00,0.434917,titan_signal
XRP-USDT,LONG,B1,هایپریون (Hyperion),1.45062000,1.39259520,0.00000000,2026-09-04 08:15:37,CLOSED,TRAIL_STOP,2026-09-04 09:17:21,1.45692900,0.200000,0.234917,10.00,0.434917,titan_signal
LTC-USDT,LONG,S3,کرونوس (Cronus),51.17000000,49.12320000,0.00000000,2026-09-04 08:15:38,CLOSED,TRAIL_STOP,2026-09-04 09:17:22,51.31400000,0.200000,0.081415,10.00,0.281415,titan_signal
LTC-USDT,LONG,B1,هایپریون (Hyperion),51.17000000,49.12320000,0.00000000,2026-09-04 08:15:39,CLOSED,TRAIL_STOP,2026-09-04 09:17:22,51.31400000,0.200000,0.081415,10.00,0.281415,titan_signal
DOGE-USDT,LONG,S3,کرونوس (Cronus),0.08717000,0.08368320,0.00000000,2026-09-04 08:15:41,CLOSED,TRAIL_STOP,2026-09-04 07:16:57,0.08745800,0.200000,0.130389,10.00,0.330389,titan_signal
DOGE-USDT,LONG,B1,هایپریون (Hyperion),0.08717000,0.08368320,0.00000000,2026-09-04 08:15:42,CLOSED,TRAIL_STOP,2026-09-04 07:16:57,0.08745800,0.200000,0.130389,10.00,0.330389,titan_signal
SUI-USDT,LONG,S3,کرونوس (Cronus),0.77290000,0.74198400,0.00000000,2026-09-04 08:15:45,CLOSED,TRAIL_STOP,2026-09-04 05:42:38,0.77515000,0.200000,0.091111,10.00,0.291111,titan_signal
SUI-USDT,LONG,B1,هایپریون (Hyperion),0.77290000,0.74198400,0.00000000,2026-09-04 08:15:46,CLOSED,TRAIL_STOP,2026-09-04 05:42:38,0.77515000,0.200000,0.091111,10.00,0.291111,titan_signal
NEAR-USDT,LONG,S3,کرونوس (Cronus),1.94930000,1.87132800,0.00000000,2026-09-04 08:15:47,CLOSED,TRAIL_STOP,2026-09-04 07:16:58,1.95920000,0.200000,0.307875,10.00,0.507875,titan_signal
NEAR-USDT,LONG,B1,هایپریون (Hyperion),1.94930000,1.87132800,0.00000000,2026-09-04 08:15:49,CLOSED,TRAIL_STOP,2026-09-04 07:16:58,1.95920000,0.200000,0.307875,10.00,0.507875,titan_signal
ADA-USDT,LONG,S1,پرومتئوس (Prometheus),0.22440000,0.21542400,0.00000000,2026-09-04 08:15:50,CLOSED,STOP_HIT,2026-09-04 12:48:31,0.21542400,0.200000,-4.200000,10.00,-4.000000,titan_signal
ADA-USDT,LONG,S3,کرونوس (Cronus),0.22440000,0.21542400,0.00000000,2026-09-04 08:15:51,CLOSED,STOP_HIT,2026-09-04 12:48:32,0.21542400,0.200000,-4.200000,10.00,-4.000000,titan_signal
ADA-USDT,LONG,B1,هایپریون (Hyperion),0.22440000,0.21542400,0.00000000,2026-09-04 08:15:52,CLOSED,STOP_HIT,2026-09-04 12:48:32,0.21542400,0.200000,-4.200000,10.00,-4.000000,titan_signal
LINK-USDT,LONG,S1,پرومتئوس (Prometheus),11.94360000,11.46585600,0.00000000,2026-09-04 08:15:55,CLOSED,TRAIL_STOP,2026-09-04 08:45:07,11.99085000,0.200000,0.195609,10.00,0.395609,titan_signal
LINK-USDT,LONG,S3,کرونوس (Cronus),11.94360000,11.46585600,0.00000000,2026-09-04 08:15:56,CLOSED,TRAIL_STOP,2026-09-04 08:45:08,11.99085000,0.200000,0.195609,10.00,0.395609,titan_signal
LINK-USDT,LONG,B1,هایپریون (Hyperion),11.94360000,11.46585600,0.00000000,2026-09-04 08:16:14,CLOSED,TRAIL_STOP,2026-09-04 08:45:08,11.99085000,0.200000,0.195609,10.00,0.395609,titan_signal
AVAX-USDT,LONG,S1,پرومتئوس (Prometheus),7.49300000,7.19328000,0.00000000,2026-09-04 08:16:28,CLOSED,TRAIL_STOP,2026-09-04 09:17:23,7.52720000,0.200000,0.256426,10.00,0.456426,titan_signal
AVAX-USDT,LONG,S3,کرونوس (Cronus),7.49300000,7.19328000,0.00000000,2026-09-04 08:16:29,CLOSED,TRAIL_STOP,2026-09-04 09:17:24,7.52720000,0.200000,0.256426,10.00,0.456426,titan_signal
AVAX-USDT,LONG,B1,هایپریون (Hyperion),7.49300000,7.19328000,0.00000000,2026-09-04 08:16:30,CLOSED,TRAIL_STOP,2026-09-04 09:17:24,7.52720000,0.200000,0.256426,10.00,0.456426,titan_signal
FIL-USDT,SHORT,B2,اطلس (Atlas),0.77470000,0.80568800,0.00000000,2026-09-04 08:16:32,CLOSED,TRAIL_STOP,2026-09-04 12:48:33,0.74059000,0.200000,4.202995,10.00,4.402995,titan_signal
SEI-USDT,LONG,S3,کرونوس (Cronus),0.04870000,0.04675200,0.00000000,2026-09-04 08:16:34,CLOSED,TRAIL_STOP,2026-09-04 05:42:41,0.04891600,0.200000,0.243532,10.00,0.443532,titan_signal
SEI-USDT,LONG,B1,هایپریون (Hyperion),0.04870000,0.04675200,0.00000000,2026-09-04 08:16:35,CLOSED,TRAIL_STOP,2026-09-04 05:42:42,0.04891600,0.200000,0.243532,10.00,0.443532,titan_signal
OP-USDT,LONG,S3,کرونوس (Cronus),0.09980000,0.09580800,0.00000000,2026-09-04 08:16:38,CLOSED,TRAIL_STOP,2026-09-04 05:42:42,0.10007000,0.200000,0.070541,10.00,0.270541,titan_signal
PEPE-USDT,LONG,S3,کرونوس (Cronus),0.00000367,0.00000352,0.00000000,2026-09-04 08:16:39,CLOSED,TRAIL_STOP,2026-09-04 09:17:25,0.00000368,0.200000,0.168148,10.00,0.368148,titan_signal
PEPE-USDT,LONG,B1,هایپریون (Hyperion),0.00000367,0.00000352,0.00000000,2026-09-04 08:16:40,CLOSED,TRAIL_STOP,2026-09-04 09:17:25,0.00000368,0.200000,0.168148,10.00,0.368148,titan_signal
SHIB-USDT,LONG,S3,کرونوس (Cronus),0.00000535,0.00000514,0.00000000,2026-09-04 08:16:42,CLOSED,TRAIL_STOP,2026-09-04 09:17:26,0.00000537,0.200000,0.085768,10.00,0.285768,titan_signal
SHIB-USDT,LONG,B1,هایپریون (Hyperion),0.00000535,0.00000514,0.00000000,2026-09-04 08:16:43,CLOSED,TRAIL_STOP,2026-09-04 09:17:26,0.00000537,0.200000,0.085768,10.00,0.285768,titan_signal
DOT-USDT,LONG,S3,کرونوس (Cronus),0.87740000,0.84230400,0.00000000,2026-09-04 08:46:01,CLOSED,TRAIL_STOP,2026-09-04 09:17:27,0.88091000,0.200000,0.200046,10.00,0.400046,titan_signal
TIA-USDT,LONG,S3,کرونوس (Cronus),0.36160000,0.34713600,0.00000000,2026-09-04 08:46:04,CLOSED,TRAIL_STOP,2026-09-04 09:17:27,0.36259000,0.200000,0.073783,10.00,0.273783,titan_signal
SUI-USDT,LONG,S3,کرونوس (Cronus),0.76900000,0.73824000,0.00000000,2026-09-04 09:12:59,CLOSED,TRAIL_STOP,2026-09-04 07:17:02,0.77332000,0.200000,0.361769,10.00,0.561769,titan_signal
FIL-USDT,SHORT,S3,کرونوس (Cronus),0.77330000,0.80423200,0.00000000,2026-09-04 09:13:01,CLOSED,TRAIL_STOP,2026-09-04 06:21:45,0.76907000,0.200000,0.347006,10.00,0.547006,titan_signal
SUI-USDT,LONG,B1,هایپریون (Hyperion),0.76830000,0.73756800,0.00000000,2026-09-04 09:51:52,CLOSED,TRAIL_STOP,2026-09-04 07:17:03,0.77325000,0.200000,0.444280,10.00,0.644280,titan_signal
FIL-USDT,SHORT,S2,ایاپتوس (Iapetus),0.77020000,0.80100800,0.00000000,2026-09-04 10:18:06,CLOSED,TRAIL_STOP,2026-09-04 12:48:33,0.74014000,0.200000,3.702882,10.00,3.902882,titan_signal
FIL-USDT,SHORT,S3,کرونوس (Cronus),0.77020000,0.80100800,0.00000000,2026-09-04 10:18:07,CLOSED,TRAIL_STOP,2026-09-04 12:22:37,0.76759000,0.200000,0.138873,10.00,0.338873,titan_signal
POL-USDT,LONG,S3,کرونوس (Cronus),0.09480000,0.09100800,0.00000000,2026-09-04 10:18:10,CLOSED,TRAIL_STOP,2026-09-04 07:17:03,0.09534000,0.200000,0.369620,10.00,0.569620,titan_signal
DOGE-USDT,LONG,S3,کرونوس (Cronus),0.08725000,0.08376000,0.00000000,2026-09-04 10:47:17,CLOSED,TRAIL_STOP,2026-09-04 09:17:28,0.08763700,0.200000,0.243553,10.00,0.443553,titan_signal
DOGE-USDT,LONG,B1,هایپریون (Hyperion),0.08725000,0.08376000,0.00000000,2026-09-04 10:47:19,CLOSED,TRAIL_STOP,2026-09-04 09:17:28,0.08763700,0.200000,0.243553,10.00,0.443553,titan_signal
SUI-USDT,LONG,S3,کرونوس (Cronus),0.77220000,0.74131200,0.00000000,2026-09-04 10:47:21,CLOSED,TRAIL_STOP,2026-09-04 09:17:29,0.77688000,0.200000,0.406061,10.00,0.606061,titan_signal
NEAR-USDT,LONG,S3,کرونوس (Cronus),1.98410000,1.90473600,0.00000000,2026-09-04 10:47:22,CLOSED,TRAIL_STOP,2026-09-04 09:17:29,2.00129000,0.200000,0.666388,10.00,0.866388,titan_signal
NEAR-USDT,LONG,B1,هایپریون (Hyperion),1.98410000,1.90473600,0.00000000,2026-09-04 10:47:23,CLOSED,TRAIL_STOP,2026-09-04 09:17:30,2.00129000,0.200000,0.666388,10.00,0.866388,titan_signal
DOT-USDT,SHORT,S3,کرونوس (Cronus),0.87450000,0.90948000,0.00000000,2026-09-04 10:47:25,CLOSED,TRAIL_STOP,2026-09-04 08:18:54,0.87189000,0.200000,0.098456,10.00,0.298456,titan_signal
DOT-USDT,SHORT,B2,اطلس (Atlas),0.87450000,0.90948000,0.00000000,2026-09-04 10:47:26,CLOSED,TRAIL_STOP,2026-09-04 12:48:33,0.84813000,0.200000,2.815437,10.00,3.015437,titan_signal
POL-USDT,LONG,S3,کرونوس (Cronus),0.09490000,0.09110400,0.00000000,2026-09-04 10:47:30,CLOSED,TRAIL_STOP,2026-09-04 08:18:54,0.09553000,0.200000,0.463857,10.00,0.663857,titan_signal
XAUT-USDT,LONG,B1,هایپریون (Hyperion),4474.82000000,4295.82720000,0.00000000,2026-09-04 11:14:12,CLOSED,EOD_FORCE_CLOSE,2026-09-04 19:33:19,4430.22000000,0.200000,-1.196688,10.00,-0.996688,titan_signal
POL-USDT,LONG,B1,هایپریون (Hyperion),0.09450000,0.09072000,0.00000000,2026-09-04 11:14:17,CLOSED,TRAIL_STOP,2026-09-04 08:18:55,0.09558000,0.200000,0.942857,10.00,1.142857,titan_signal
BTC-USDT,LONG,B1,هایپریون (Hyperion),80843.00000000,77609.28000000,0.00000000,2026-09-04 11:49:06,CLOSED,TRAIL_STOP,2026-09-04 08:45:14,81104.90000000,0.200000,0.123961,10.00,0.323961,titan_signal
XAUT-USDT,LONG,S3,کرونوس (Cronus),4476.37000000,4297.31520000,0.00000000,2026-09-04 11:49:09,CLOSED,EOD_FORCE_CLOSE,2026-09-04 19:33:20,4430.22000000,0.200000,-1.230969,10.00,-1.030969,titan_signal
DOT-USDT,SHORT,S3,کرونوس (Cronus),0.87690000,0.91197600,0.00000000,2026-09-04 11:49:11,CLOSED,TRAIL_STOP,2026-09-04 08:45:15,0.87303000,0.200000,0.241327,10.00,0.441327,titan_signal
INJ-USDT,SHORT,S2,ایاپتوس (Iapetus),4.82000000,5.01280000,0.00000000,2026-09-04 11:49:15,CLOSED,TRAIL_STOP,2026-09-04 12:48:34,4.67780000,0.200000,2.750207,10.00,2.950207,titan_signal
INJ-USDT,SHORT,S3,کرونوس (Cronus),4.82000000,5.01280000,0.00000000,2026-09-04 11:49:16,CLOSED,TRAIL_STOP,2026-09-04 08:45:16,4.80290000,0.200000,0.154772,10.00,0.354772,titan_signal
INJ-USDT,SHORT,B2,اطلس (Atlas),4.82000000,5.01280000,0.00000000,2026-09-04 11:49:18,CLOSED,TRAIL_STOP,2026-09-04 12:48:35,4.67780000,0.200000,2.750207,10.00,2.950207,titan_signal
BTC-USDT,LONG,S1,پرومتئوس (Prometheus),81025.90000000,77784.86400000,0.00000000,2026-09-04 12:15:31,CLOSED,TRAIL_STOP,2026-09-04 09:17:31,81258.82000000,0.200000,0.087464,10.00,0.287464,titan_signal
BTC-USDT,LONG,B1,هایپریون (Hyperion),81025.90000000,77784.86400000,0.00000000,2026-09-04 12:15:33,CLOSED,TRAIL_STOP,2026-09-04 09:17:32,81258.82000000,0.200000,0.087464,10.00,0.287464,titan_signal
ETH-USDT,LONG,S1,پرومتئوس (Prometheus),2518.14000000,2417.41440000,0.00000000,2026-09-04 12:15:34,CLOSED,TRAIL_STOP,2026-09-04 09:17:33,2540.73900000,0.200000,0.697448,10.00,0.897448,titan_signal
ETH-USDT,LONG,S3,کرونوس (Cronus),2518.14000000,2417.41440000,0.00000000,2026-09-04 12:15:36,CLOSED,TRAIL_STOP,2026-09-04 09:17:33,2540.73900000,0.200000,0.697448,10.00,0.897448,titan_signal
ETH-USDT,LONG,B1,هایپریون (Hyperion),2518.14000000,2417.41440000,0.00000000,2026-09-04 12:15:37,CLOSED,TRAIL_STOP,2026-09-04 09:17:34,2540.73900000,0.200000,0.697448,10.00,0.897448,titan_signal
BNB-USDT,LONG,B1,هایپریون (Hyperion),716.77200000,688.10112000,0.00000000,2026-09-04 12:15:39,CLOSED,TRAIL_STOP,2026-09-04 09:17:34,719.78340000,0.200000,0.220134,10.00,0.420134,titan_signal
SOL-USDT,LONG,B1,هایپریون (Hyperion),103.83000000,99.67680000,0.00000000,2026-09-04 12:15:40,CLOSED,TRAIL_STOP,2026-09-04 09:17:35,104.50500000,0.200000,0.450101,10.00,0.650101,titan_signal
XRP-USDT,LONG,B1,هایپریون (Hyperion),1.44861000,1.39066560,0.00000000,2026-09-04 12:15:43,CLOSED,TRAIL_STOP,2026-09-04 09:17:36,1.45935600,0.200000,0.541815,10.00,0.741815,titan_signal
LINK-USDT,LONG,S1,پرومتئوس (Prometheus),11.96420000,11.48563200,0.00000000,2026-09-04 12:15:46,CLOSED,TRAIL_STOP,2026-09-04 09:17:36,12.12152000,0.200000,1.114923,10.00,1.314923,titan_signal
LINK-USDT,LONG,S3,کرونوس (Cronus),11.96420000,11.48563200,0.00000000,2026-09-04 12:15:48,CLOSED,TRAIL_STOP,2026-09-04 09:17:37,12.12152000,0.200000,1.114923,10.00,1.314923,titan_signal
LINK-USDT,LONG,B1,هایپریون (Hyperion),11.96420000,11.48563200,0.00000000,2026-09-04 12:15:49,CLOSED,TRAIL_STOP,2026-09-04 09:17:37,12.12152000,0.200000,1.114923,10.00,1.314923,titan_signal
INJ-USDT,SHORT,S3,کرونوس (Cronus),4.81200000,5.00448000,0.00000000,2026-09-04 12:16:08,CLOSED,TRAIL_STOP,2026-09-04 12:48:35,4.67700000,0.200000,2.605486,10.00,2.805486,titan_signal
BTC-USDT,LONG,S1,پرومتئوس (Prometheus),81290.40000000,78038.78400000,0.00000000,2026-09-04 12:49:00,CLOSED,EOD_FORCE_CLOSE,2026-09-04 19:33:20,79713.50000000,0.200000,-2.139835,10.00,-1.939835,titan_signal
BTC-USDT,LONG,B1,هایپریون (Hyperion),81290.40000000,78038.78400000,0.00000000,2026-09-04 12:49:02,CLOSED,EOD_FORCE_CLOSE,2026-09-04 19:33:21,79713.50000000,0.200000,-2.139835,10.00,-1.939835,titan_signal
ETH-USDT,LONG,S3,کرونوس (Cronus),2546.52000000,2444.65920000,0.00000000,2026-09-04 12:49:03,CLOSED,STOP_HIT,2026-09-04 12:48:36,2444.65920000,0.200000,-4.200000,10.00,-4.000000,titan_signal
ETH-USDT,LONG,B1,هایپریون (Hyperion),2546.52000000,2444.65920000,0.00000000,2026-09-04 12:49:05,CLOSED,STOP_HIT,2026-09-04 12:48:37,2444.65920000,0.200000,-4.200000,10.00,-4.000000,titan_signal
BNB-USDT,LONG,B1,هایپریون (Hyperion),720.38300000,691.56768000,0.00000000,2026-09-04 12:49:06,CLOSED,TRAIL_STOP,2026-09-04 11:16:24,723.54740000,0.200000,0.239266,10.00,0.439266,titan_signal
SOL-USDT,LONG,S3,کرونوس (Cronus),104.75000000,100.56000000,0.00000000,2026-09-04 12:49:24,CLOSED,STOP_HIT,2026-09-04 12:48:37,100.56000000,0.200000,-4.200000,10.00,-4.000000,titan_signal
SOL-USDT,LONG,B1,هایپریون (Hyperion),104.75000000,100.56000000,0.00000000,2026-09-04 12:49:40,CLOSED,STOP_HIT,2026-09-04 12:48:37,100.56000000,0.200000,-4.200000,10.00,-4.000000,titan_signal
XRP-USDT,LONG,S3,کرونوس (Cronus),1.46002000,1.40161920,0.00000000,2026-09-04 12:49:42,CLOSED,STOP_HIT,2026-09-04 12:48:38,1.40161920,0.200000,-4.200000,10.00,-4.000000,titan_signal
XRP-USDT,LONG,B1,هایپریون (Hyperion),1.46002000,1.40161920,0.00000000,2026-09-04 12:49:44,CLOSED,STOP_HIT,2026-09-04 12:48:38,1.40161920,0.200000,-4.200000,10.00,-4.000000,titan_signal
LTC-USDT,LONG,S3,کرونوس (Cronus),51.41000000,49.35360000,0.00000000,2026-09-04 12:49:45,CLOSED,EOD_FORCE_CLOSE,2026-09-04 19:33:21,50.65000000,0.200000,-1.678312,10.00,-1.478312,titan_signal
LTC-USDT,LONG,B1,هایپریون (Hyperion),51.41000000,49.35360000,0.00000000,2026-09-04 12:49:47,CLOSED,EOD_FORCE_CLOSE,2026-09-04 19:33:22,50.65000000,0.200000,-1.678312,10.00,-1.478312,titan_signal
DOGE-USDT,LONG,S3,کرونوس (Cronus),0.08828000,0.08474880,0.00000000,2026-09-04 12:49:48,CLOSED,STOP_HIT,2026-09-04 12:48:39,0.08474880,0.200000,-4.200000,10.00,-4.000000,titan_signal
DOGE-USDT,LONG,B1,هایپریون (Hyperion),0.08828000,0.08474880,0.00000000,2026-09-04 12:49:49,CLOSED,STOP_HIT,2026-09-04 12:48:39,0.08474880,0.200000,-4.200000,10.00,-4.000000,titan_signal
SUI-USDT,LONG,S3,کرونوس (Cronus),0.78090000,0.74966400,0.00000000,2026-09-04 12:49:52,CLOSED,STOP_HIT,2026-09-04 12:48:40,0.74966400,0.200000,-4.200000,10.00,-4.000000,titan_signal
SUI-USDT,LONG,B1,هایپریون (Hyperion),0.78090000,0.74966400,0.00000000,2026-09-04 12:49:53,CLOSED,STOP_HIT,2026-09-04 12:48:40,0.74966400,0.200000,-4.200000,10.00,-4.000000,titan_signal
NEAR-USDT,LONG,S3,کرونوس (Cronus),1.99810000,1.91817600,0.00000000,2026-09-04 12:49:55,CLOSED,TRAIL_STOP,2026-09-04 09:43:58,2.02006000,0.200000,0.899044,10.00,1.099044,titan_signal
NEAR-USDT,LONG,B1,هایپریون (Hyperion),1.99810000,1.91817600,0.00000000,2026-09-04 12:49:56,CLOSED,TRAIL_STOP,2026-09-04 09:43:58,2.02006000,0.200000,0.899044,10.00,1.099044,titan_signal
ADA-USDT,LONG,S1,پرومتئوس (Prometheus),0.22390000,0.21494400,0.00000000,2026-09-04 12:49:57,CLOSED,STOP_HIT,2026-09-04 12:48:41,0.21494400,0.200000,-4.200000,10.00,-4.000000,titan_signal
ADA-USDT,LONG,B1,هایپریون (Hyperion),0.22390000,0.21494400,0.00000000,2026-09-04 12:49:59,CLOSED,STOP_HIT,2026-09-04 12:48:41,0.21494400,0.200000,-4.200000,10.00,-4.000000,titan_signal
LINK-USDT,LONG,S3,کرونوس (Cronus),12.12070000,11.63587200,0.00000000,2026-09-04 12:50:01,CLOSED,STOP_HIT,2026-09-04 12:48:42,11.63587200,0.200000,-4.200000,10.00,-4.000000,titan_signal
LINK-USDT,LONG,B1,هایپریون (Hyperion),12.12070000,11.63587200,0.00000000,2026-09-04 12:50:02,CLOSED,STOP_HIT,2026-09-04 12:48:42,11.63587200,0.200000,-4.200000,10.00,-4.000000,titan_signal
AVAX-USDT,LONG,S1,پرومتئوس (Prometheus),7.52500000,7.22400000,0.00000000,2026-09-04 12:50:04,CLOSED,EOD_FORCE_CLOSE,2026-09-04 19:33:22,7.38600000,0.200000,-2.047176,10.00,-1.847176,titan_signal
AVAX-USDT,LONG,S3,کرونوس (Cronus),7.52500000,7.22400000,0.00000000,2026-09-04 12:50:05,CLOSED,EOD_FORCE_CLOSE,2026-09-04 19:33:23,7.38600000,0.200000,-2.047176,10.00,-1.847176,titan_signal
AVAX-USDT,LONG,B1,هایپریون (Hyperion),7.52500000,7.22400000,0.00000000,2026-09-04 12:50:07,CLOSED,EOD_FORCE_CLOSE,2026-09-04 19:33:23,7.38600000,0.200000,-2.047176,10.00,-1.847176,titan_signal
POL-USDT,LONG,S3,کرونوس (Cronus),0.09560000,0.09177600,0.00000000,2026-09-04 12:50:09,CLOSED,TRAIL_STOP,2026-09-04 12:22:43,0.09587000,0.200000,0.082427,10.00,0.282427,titan_signal
POL-USDT,LONG,B1,هایپریون (Hyperion),0.09560000,0.09177600,0.00000000,2026-09-04 12:50:10,CLOSED,TRAIL_STOP,2026-09-04 12:22:44,0.09587000,0.200000,0.082427,10.00,0.282427,titan_signal
PEPE-USDT,LONG,S3,کرونوس (Cronus),0.00000369,0.00000355,0.00000000,2026-09-04 12:50:29,CLOSED,TRAIL_STOP,2026-09-04 12:48:43,0.00000371,0.200000,0.287409,10.00,0.487409,titan_signal
PEPE-USDT,LONG,B1,هایپریون (Hyperion),0.00000369,0.00000355,0.00000000,2026-09-04 12:50:41,CLOSED,TRAIL_STOP,2026-09-04 12:48:44,0.00000371,0.200000,0.287409,10.00,0.487409,titan_signal
SHIB-USDT,LONG,S3,کرونوس (Cronus),0.00000537,0.00000515,0.00000000,2026-09-04 12:50:43,CLOSED,EOD_FORCE_CLOSE,2026-09-04 19:33:24,0.00000522,0.200000,-2.958107,10.00,-2.758107,titan_signal
SHIB-USDT,LONG,B1,هایپریون (Hyperion),0.00000537,0.00000515,0.00000000,2026-09-04 12:50:44,CLOSED,EOD_FORCE_CLOSE,2026-09-04 19:33:24,0.00000522,0.200000,-2.958107,10.00,-2.758107,titan_signal
BTC-USDT,LONG,S3,کرونوس (Cronus),81165.50000000,77918.88000000,0.00000000,2026-09-04 13:14:10,CLOSED,EOD_FORCE_CLOSE,2026-09-04 19:33:25,79715.20000000,0.200000,-1.986843,10.00,-1.786843,titan_signal
ETH-USDT,LONG,S1,پرومتئوس (Prometheus),2530.75000000,2429.52000000,0.00000000,2026-09-04 13:14:11,CLOSED,EOD_FORCE_CLOSE,2026-09-04 19:33:25,2455.35000000,0.200000,-3.179354,10.00,-2.979354,titan_signal
NEAR-USDT,LONG,S3,کرونوس (Cronus),2.01910000,1.93833600,0.00000000,2026-09-04 13:14:15,CLOSED,TRAIL_STOP,2026-09-04 10:17:48,2.03494000,0.200000,0.584508,10.00,0.784508,titan_signal
NEAR-USDT,LONG,B1,هایپریون (Hyperion),2.01910000,1.93833600,0.00000000,2026-09-04 13:14:17,CLOSED,TRAIL_STOP,2026-09-04 10:17:49,2.03494000,0.200000,0.584508,10.00,0.784508,titan_signal
LINK-USDT,LONG,S1,پرومتئوس (Prometheus),12.06910000,11.58633600,0.00000000,2026-09-04 13:14:19,CLOSED,STOP_HIT,2026-09-04 12:48:45,11.58633600,0.200000,-4.200000,10.00,-4.000000,titan_signal
ATOM-USDT,LONG,S3,کرونوس (Cronus),1.52220000,1.46131200,0.00000000,2026-09-04 13:14:21,CLOSED,TRAIL_STOP,2026-09-04 10:17:49,1.52715000,0.200000,0.125187,10.00,0.325187,titan_signal
ATOM-USDT,LONG,B1,هایپریون (Hyperion),1.52220000,1.46131200,0.00000000,2026-09-04 13:14:22,CLOSED,TRAIL_STOP,2026-09-04 10:17:50,1.52715000,0.200000,0.125187,10.00,0.325187,titan_signal
FIL-USDT,SHORT,B2,اطلس (Atlas),0.77410000,0.80506400,0.00000000,2026-09-04 13:14:24,CLOSED,TRAIL_STOP,2026-09-04 12:48:45,0.74053000,0.200000,4.136649,10.00,4.336649,titan_signal
NEAR-USDT,LONG,S1,پرومتئوس (Prometheus),1.99780000,1.91788800,0.00000000,2026-09-04 13:47:59,CLOSED,TRAIL_STOP,2026-09-04 10:43:46,2.01184000,0.200000,0.502773,10.00,0.702773,titan_signal
NEAR-USDT,LONG,S3,کرونوس (Cronus),1.99780000,1.91788800,0.00000000,2026-09-04 13:48:01,CLOSED,TRAIL_STOP,2026-09-04 10:43:46,2.01184000,0.200000,0.502773,10.00,0.702773,titan_signal
NEAR-USDT,LONG,B1,هایپریون (Hyperion),1.99780000,1.91788800,0.00000000,2026-09-04 13:48:02,CLOSED,TRAIL_STOP,2026-09-04 10:43:47,2.01184000,0.200000,0.502773,10.00,0.702773,titan_signal
ATOM-USDT,LONG,S3,کرونوس (Cronus),1.51970000,1.45891200,0.00000000,2026-09-04 13:48:04,CLOSED,TRAIL_STOP,2026-09-04 10:43:47,1.52537000,0.200000,0.173100,10.00,0.373100,titan_signal
ATOM-USDT,LONG,B1,هایپریون (Hyperion),1.51970000,1.45891200,0.00000000,2026-09-04 13:48:06,CLOSED,TRAIL_STOP,2026-09-04 10:43:48,1.52537000,0.200000,0.173100,10.00,0.373100,titan_signal
NEAR-USDT,LONG,S1,پرومتئوس (Prometheus),2.00600000,1.92576000,0.00000000,2026-09-04 14:13:59,CLOSED,TRAIL_STOP,2026-09-04 11:16:31,2.01797000,0.200000,0.396710,10.00,0.596710,titan_signal
NEAR-USDT,LONG,S3,کرونوس (Cronus),2.00600000,1.92576000,0.00000000,2026-09-04 14:14:01,CLOSED,TRAIL_STOP,2026-09-04 11:16:31,2.01797000,0.200000,0.396710,10.00,0.596710,titan_signal
NEAR-USDT,LONG,B1,هایپریون (Hyperion),2.00600000,1.92576000,0.00000000,2026-09-04 14:14:02,CLOSED,TRAIL_STOP,2026-09-04 11:16:31,2.01797000,0.200000,0.396710,10.00,0.596710,titan_signal
ATOM-USDT,LONG,S1,پرومتئوس (Prometheus),1.52660000,1.46553600,0.00000000,2026-09-04 14:14:05,CLOSED,TRAIL_STOP,2026-09-04 11:16:32,1.53245000,0.200000,0.183205,10.00,0.383205,titan_signal
ATOM-USDT,LONG,S3,کرونوس (Cronus),1.52660000,1.46553600,0.00000000,2026-09-04 14:14:07,CLOSED,TRAIL_STOP,2026-09-04 11:16:32,1.53245000,0.200000,0.183205,10.00,0.383205,titan_signal
ATOM-USDT,LONG,B1,هایپریون (Hyperion),1.52660000,1.46553600,0.00000000,2026-09-04 14:14:08,CLOSED,TRAIL_STOP,2026-09-04 11:16:33,1.53245000,0.200000,0.183205,10.00,0.383205,titan_signal
BNB-USDT,LONG,S1,پرومتئوس (Prometheus),723.97500000,695.01600000,0.00000000,2026-09-04 14:46:45,CLOSED,TRAIL_STOP,2026-09-04 12:48:46,726.93060000,0.200000,0.208246,10.00,0.408246,titan_signal
BNB-USDT,LONG,S3,کرونوس (Cronus),723.97500000,695.01600000,0.00000000,2026-09-04 14:46:46,CLOSED,TRAIL_STOP,2026-09-04 12:48:46,726.93060000,0.200000,0.208246,10.00,0.408246,titan_signal
BNB-USDT,LONG,B1,هایپریون (Hyperion),723.97500000,695.01600000,0.00000000,2026-09-04 14:46:48,CLOSED,TRAIL_STOP,2026-09-04 12:48:47,726.93060000,0.200000,0.208246,10.00,0.408246,titan_signal
NEAR-USDT,LONG,S3,کرونوس (Cronus),2.01910000,1.93833600,0.00000000,2026-09-04 14:46:52,CLOSED,TRAIL_STOP,2026-09-04 11:42:47,2.02864000,0.200000,0.272488,10.00,0.472488,titan_signal
NEAR-USDT,LONG,B1,هایپریون (Hyperion),2.01910000,1.93833600,0.00000000,2026-09-04 14:46:53,CLOSED,TRAIL_STOP,2026-09-04 11:42:48,2.02864000,0.200000,0.272488,10.00,0.472488,titan_signal
ADA-USDT,LONG,S3,کرونوس (Cronus),0.22110000,0.21225600,0.00000000,2026-09-04 14:46:55,CLOSED,TRAIL_STOP,2026-09-04 11:42:48,0.22191000,0.200000,0.166350,10.00,0.366350,titan_signal
ATOM-USDT,LONG,S3,کرونوس (Cronus),1.53300000,1.47168000,0.00000000,2026-09-04 14:46:57,CLOSED,STOP_HIT,2026-09-04 15:17:27,1.47168000,0.200000,-4.200000,10.00,-4.000000,titan_signal
ATOM-USDT,LONG,B1,هایپریون (Hyperion),1.53300000,1.47168000,0.00000000,2026-09-04 14:46:59,CLOSED,STOP_HIT,2026-09-04 15:17:27,1.47168000,0.200000,-4.200000,10.00,-4.000000,titan_signal
FIL-USDT,SHORT,S2,ایاپتوس (Iapetus),0.77110000,0.80194400,0.00000000,2026-09-04 14:47:00,CLOSED,TRAIL_STOP,2026-09-04 12:48:48,0.74023000,0.200000,3.803372,10.00,4.003372,titan_signal
NEAR-USDT,LONG,S3,کرونوس (Cronus),2.02680000,1.94572800,0.00000000,2026-09-04 15:12:57,CLOSED,STOP_HIT,2026-09-04 12:48:48,1.94572800,0.200000,-4.200000,10.00,-4.000000,titan_signal
NEAR-USDT,LONG,B1,هایپریون (Hyperion),2.02680000,1.94572800,0.00000000,2026-09-04 15:12:59,CLOSED,STOP_HIT,2026-09-04 12:48:48,1.94572800,0.200000,-4.200000,10.00,-4.000000,titan_signal
ADA-USDT,LONG,S3,کرونوس (Cronus),0.22180000,0.21292800,0.00000000,2026-09-04 15:13:00,CLOSED,STOP_HIT,2026-09-04 12:48:49,0.21292800,0.200000,-4.200000,10.00,-4.000000,titan_signal
NEAR-USDT,LONG,S1,پرومتئوس (Prometheus),2.01020000,1.92979200,0.00000000,2026-09-04 15:52:55,CLOSED,STOP_HIT,2026-09-04 12:48:49,1.92979200,0.200000,-4.200000,10.00,-4.000000,titan_signal
ATOM-USDT,LONG,S1,پرومتئوس (Prometheus),1.52060000,1.45977600,0.00000000,2026-09-04 15:52:57,CLOSED,EOD_FORCE_CLOSE,2026-09-04 19:33:26,1.50320000,0.200000,-1.344285,10.00,-1.144285,titan_signal
FIL-USDT,SHORT,S3,کرونوس (Cronus),0.76910000,0.79986400,0.00000000,2026-09-04 15:52:59,CLOSED,TRAIL_STOP,2026-09-04 12:48:50,0.74003000,0.200000,3.579743,10.00,3.779743,titan_signal
INJ-USDT,SHORT,S2,ایاپتوس (Iapetus),4.82300000,5.01592000,0.00000000,2026-09-04 15:53:01,CLOSED,TRAIL_STOP,2026-09-04 12:48:50,4.67810000,0.200000,2.804354,10.00,3.004354,titan_signal
INJ-USDT,SHORT,B2,اطلس (Atlas),4.82300000,5.01592000,0.00000000,2026-09-04 15:53:03,CLOSED,TRAIL_STOP,2026-09-04 12:48:51,4.67810000,0.200000,2.804354,10.00,3.004354,titan_signal
POL-USDT,LONG,S3,کرونوس (Cronus),0.09460000,0.09081600,0.00000000,2026-09-04 15:53:04,CLOSED,EOD_FORCE_CLOSE,2026-09-04 19:33:26,0.09320000,0.200000,-1.679915,10.00,-1.479915,titan_signal
ETH-USDT,LONG,S3,کرونوس (Cronus),2446.81000000,2348.93760000,0.00000000,2026-09-04 16:20:25,CLOSED,TRAIL_STOP,2026-09-04 13:17:31,2453.97400000,0.200000,0.092789,10.00,0.292789,titan_signal
ETH-USDT,LONG,B1,هایپریون (Hyperion),2446.81000000,2348.93760000,0.00000000,2026-09-04 16:20:43,CLOSED,TRAIL_STOP,2026-09-04 13:17:31,2453.97400000,0.200000,0.092789,10.00,0.292789,titan_signal
XRP-USDT,LONG,S3,کرونوس (Cronus),1.41143000,1.35497280,0.00000000,2026-09-04 16:20:57,CLOSED,TRAIL_STOP,2026-09-04 14:16:24,1.42119500,0.200000,0.491852,10.00,0.691852,titan_signal
DOGE-USDT,LONG,S3,کرونوس (Cronus),0.08500000,0.08160000,0.00000000,2026-09-04 16:20:58,CLOSED,TRAIL_STOP,2026-09-04 13:43:46,0.08536900,0.200000,0.234118,10.00,0.434118,titan_signal
NEAR-USDT,LONG,S3,کرونوس (Cronus),1.95470000,1.87651200,0.00000000,2026-09-04 16:21:01,CLOSED,TRAIL_STOP,2026-09-04 13:43:46,1.96460000,0.200000,0.306472,10.00,0.506472,titan_signal
NEAR-USDT,LONG,B1,هایپریون (Hyperion),1.95470000,1.87651200,0.00000000,2026-09-04 16:21:02,CLOSED,TRAIL_STOP,2026-09-04 13:43:47,1.96460000,0.200000,0.306472,10.00,0.506472,titan_signal
FIL-USDT,SHORT,S2,ایاپتوس (Iapetus),0.74800000,0.77792000,0.00000000,2026-09-04 16:21:05,CLOSED,TRAIL_STOP,2026-09-04 15:17:28,0.74107000,0.200000,0.726471,10.00,0.926471,titan_signal
FIL-USDT,SHORT,S3,کرونوس (Cronus),0.74800000,0.77792000,0.00000000,2026-09-04 16:21:06,CLOSED,TRAIL_STOP,2026-09-04 13:17:33,0.74557000,0.200000,0.124866,10.00,0.324866,titan_signal
INJ-USDT,SHORT,S2,ایاپتوس (Iapetus),4.71600000,4.90464000,0.00000000,2026-09-04 16:21:09,CLOSED,TRAIL_STOP,2026-09-04 14:43:34,4.68360000,0.200000,0.487023,10.00,0.687023,titan_signal
INJ-USDT,SHORT,S3,کرونوس (Cronus),4.71600000,4.90464000,0.00000000,2026-09-04 16:21:10,CLOSED,TRAIL_STOP,2026-09-04 14:43:34,4.68360000,0.200000,0.487023,10.00,0.687023,titan_signal
ETH-USDT,LONG,S3,کرونوس (Cronus),2454.33000000,2356.15680000,0.00000000,2026-09-04 16:47:39,CLOSED,TRAIL_STOP,2026-09-04 14:16:25,2462.78100000,0.200000,0.144330,10.00,0.344330,titan_signal
ETH-USDT,LONG,B1,هایپریون (Hyperion),2454.33000000,2356.15680000,0.00000000,2026-09-04 16:47:40,CLOSED,TRAIL_STOP,2026-09-04 14:16:26,2462.78100000,0.200000,0.144330,10.00,0.344330,titan_signal
BNB-USDT,LONG,S3,کرونوس (Cronus),716.30900000,687.65664000,0.00000000,2026-09-04 16:47:42,CLOSED,TRAIL_STOP,2026-09-04 14:16:26,718.27730000,0.200000,0.074784,10.00,0.274784,titan_signal
BNB-USDT,LONG,B1,هایپریون (Hyperion),716.30900000,687.65664000,0.00000000,2026-09-04 16:47:43,CLOSED,TRAIL_STOP,2026-09-04 14:16:26,718.27730000,0.200000,0.074784,10.00,0.274784,titan_signal
SOL-USDT,LONG,S3,کرونوس (Cronus),101.46000000,97.40160000,0.00000000,2026-09-04 16:47:44,CLOSED,TRAIL_STOP,2026-09-04 13:43:48,101.78400000,0.200000,0.119338,10.00,0.319338,titan_signal
XRP-USDT,LONG,B1,هایپریون (Hyperion),1.41036000,1.35394560,0.00000000,2026-09-04 16:47:47,CLOSED,TRAIL_STOP,2026-09-04 14:16:27,1.42108800,0.200000,0.560657,10.00,0.760657,titan_signal
ADA-USDT,LONG,S3,کرونوس (Cronus),0.21430000,0.20572800,0.00000000,2026-09-04 16:47:49,CLOSED,TRAIL_STOP,2026-09-04 13:43:49,0.21502000,0.200000,0.135978,10.00,0.335978,titan_signal
LINK-USDT,LONG,S3,کرونوس (Cronus),11.61700000,11.15232000,0.00000000,2026-09-04 16:47:52,CLOSED,TRAIL_STOP,2026-09-04 14:16:27,11.71159000,0.200000,0.614238,10.00,0.814238,titan_signal
LINK-USDT,LONG,B1,هایپریون (Hyperion),11.61700000,11.15232000,0.00000000,2026-09-04 16:47:53,CLOSED,TRAIL_STOP,2026-09-04 14:16:28,11.71159000,0.200000,0.614238,10.00,0.814238,titan_signal
FIL-USDT,SHORT,S3,کرونوس (Cronus),0.74950000,0.77948000,0.00000000,2026-09-04 16:47:54,CLOSED,TRAIL_STOP,2026-09-04 14:43:35,0.74536000,0.200000,0.352368,10.00,0.552368,titan_signal
FIL-USDT,SHORT,B2,اطلس (Atlas),0.74950000,0.77948000,0.00000000,2026-09-04 16:47:56,CLOSED,EOD_FORCE_CLOSE,2026-09-04 19:33:27,0.75240000,0.200000,-0.586925,10.00,-0.386925,titan_signal
INJ-USDT,SHORT,B2,اطلس (Atlas),4.72500000,4.91400000,0.00000000,2026-09-04 16:47:58,CLOSED,EOD_FORCE_CLOSE,2026-09-04 19:33:27,4.77000000,0.200000,-1.152381,10.00,-0.952381,titan_signal
BTC-USDT,LONG,B1,هایپریون (Hyperion),79397.30000000,76221.40800000,0.00000000,2026-09-04 17:13:59,CLOSED,TRAIL_STOP,2026-09-04 16:42:13,79803.29000000,0.200000,0.311340,10.00,0.511340,titan_signal
SOL-USDT,LONG,S3,کرونوس (Cronus),101.75000000,97.68000000,0.00000000,2026-09-04 17:14:00,CLOSED,TRAIL_STOP,2026-09-04 17:15:30,102.02900000,0.200000,0.074201,10.00,0.274201,titan_signal
DOGE-USDT,LONG,S3,کرونوس (Cronus),0.08521000,0.08180160,0.00000000,2026-09-04 17:14:03,CLOSED,EOD_FORCE_CLOSE,2026-09-04 19:33:28,0.08480000,0.200000,-0.681164,10.00,-0.481164,titan_signal
DOGE-USDT,LONG,B1,هایپریون (Hyperion),0.08521000,0.08180160,0.00000000,2026-09-04 17:14:04,CLOSED,EOD_FORCE_CLOSE,2026-09-04 19:33:28,0.08480000,0.200000,-0.681164,10.00,-0.481164,titan_signal
NEAR-USDT,LONG,S3,کرونوس (Cronus),1.97000000,1.89120000,0.00000000,2026-09-04 17:14:07,CLOSED,TRAIL_STOP,2026-09-04 14:16:30,1.97927000,0.200000,0.270558,10.00,0.470558,titan_signal
NEAR-USDT,LONG,B1,هایپریون (Hyperion),1.97000000,1.89120000,0.00000000,2026-09-04 17:14:08,CLOSED,TRAIL_STOP,2026-09-04 14:16:30,1.97927000,0.200000,0.270558,10.00,0.470558,titan_signal
DOT-USDT,SHORT,S3,کرونوس (Cronus),0.85830000,0.89263200,0.00000000,2026-09-04 17:14:10,CLOSED,TRAIL_STOP,2026-09-04 14:16:31,0.85587000,0.200000,0.083118,10.00,0.283118,titan_signal
DOT-USDT,SHORT,B2,اطلس (Atlas),0.85830000,0.89263200,0.00000000,2026-09-04 17:14:11,CLOSED,EOD_FORCE_CLOSE,2026-09-04 19:33:29,0.87480000,0.200000,-2.122405,10.00,-1.922405,titan_signal
ADA-USDT,LONG,S3,کرونوس (Cronus),0.21450000,0.20592000,0.00000000,2026-09-04 17:14:13,CLOSED,TRAIL_STOP,2026-09-04 14:16:32,0.21549000,0.200000,0.261538,10.00,0.461538,titan_signal
ADA-USDT,LONG,B1,هایپریون (Hyperion),0.21450000,0.20592000,0.00000000,2026-09-04 17:14:14,CLOSED,TRAIL_STOP,2026-09-04 14:16:32,0.21549000,0.200000,0.261538,10.00,0.461538,titan_signal
TIA-USDT,SHORT,S3,کرونوس (Cronus),0.35350000,0.36764000,0.00000000,2026-09-04 17:14:18,CLOSED,TRAIL_STOP,2026-09-04 14:16:32,0.35080000,0.200000,0.563791,10.00,0.763791,titan_signal
ETH-USDT,LONG,S3,کرونوس (Cronus),2451.62000000,2353.55520000,0.00000000,2026-09-04 17:46:54,CLOSED,TRAIL_STOP,2026-09-04 16:42:15,2461.24100000,0.200000,0.192434,10.00,0.392434,titan_signal
ETH-USDT,LONG,B1,هایپریون (Hyperion),2451.62000000,2353.55520000,0.00000000,2026-09-04 17:46:55,CLOSED,TRAIL_STOP,2026-09-04 16:42:15,2461.24100000,0.200000,0.192434,10.00,0.392434,titan_signal
XRP-USDT,LONG,S3,کرونوس (Cronus),1.40868000,1.35233280,0.00000000,2026-09-04 17:46:58,CLOSED,EOD_FORCE_CLOSE,2026-09-04 19:33:29,1.40240000,0.200000,-0.645807,10.00,-0.445807,titan_signal
XRP-USDT,LONG,B1,هایپریون (Hyperion),1.40868000,1.35233280,0.00000000,2026-09-04 17:46:59,CLOSED,EOD_FORCE_CLOSE,2026-09-04 19:33:30,1.40240000,0.200000,-0.645807,10.00,-0.445807,titan_signal
LTC-USDT,SHORT,S3,کرونوس (Cronus),50.26000000,52.27040000,0.00000000,2026-09-04 17:47:00,CLOSED,TRAIL_STOP,2026-09-04 14:43:38,50.02600000,0.200000,0.265579,10.00,0.465579,titan_signal
LTC-USDT,SHORT,B2,اطلس (Atlas),50.26000000,52.27040000,0.00000000,2026-09-04 17:47:01,CLOSED,EOD_FORCE_CLOSE,2026-09-04 19:33:30,50.65000000,0.200000,-0.975965,10.00,-0.775965,titan_signal
NEAR-USDT,LONG,S1,پرومتئوس (Prometheus),1.95270000,1.87459200,0.00000000,2026-09-04 17:47:20,CLOSED,TRAIL_STOP,2026-09-04 16:42:16,1.97052000,0.200000,0.712583,10.00,0.912583,titan_signal
NEAR-USDT,LONG,S3,کرونوس (Cronus),1.95270000,1.87459200,0.00000000,2026-09-04 17:47:34,CLOSED,TRAIL_STOP,2026-09-04 16:42:17,1.97052000,0.200000,0.712583,10.00,0.912583,titan_signal
NEAR-USDT,LONG,B1,هایپریون (Hyperion),1.95270000,1.87459200,0.00000000,2026-09-04 17:47:36,CLOSED,TRAIL_STOP,2026-09-04 16:42:17,1.97052000,0.200000,0.712583,10.00,0.912583,titan_signal
DOT-USDT,SHORT,S3,کرونوس (Cronus),0.85670000,0.89096800,0.00000000,2026-09-04 17:47:37,CLOSED,TRAIL_STOP,2026-09-04 14:43:39,0.84878000,0.200000,0.724478,10.00,0.924478,titan_signal
ADA-USDT,LONG,S3,کرونوس (Cronus),0.21380000,0.20524800,0.00000000,2026-09-04 17:47:38,CLOSED,TRAIL_STOP,2026-09-04 16:42:18,0.21488000,0.200000,0.305145,10.00,0.505145,titan_signal
ADA-USDT,LONG,B1,هایپریون (Hyperion),0.21380000,0.20524800,0.00000000,2026-09-04 17:47:40,CLOSED,TRAIL_STOP,2026-09-04 16:42:18,0.21488000,0.200000,0.305145,10.00,0.505145,titan_signal
LINK-USDT,LONG,S3,کرونوس (Cronus),11.60490000,11.14070400,0.00000000,2026-09-04 17:47:42,CLOSED,TRAIL_STOP,2026-09-04 14:43:40,11.64270000,0.200000,0.125724,10.00,0.325724,titan_signal
LINK-USDT,LONG,B1,هایپریون (Hyperion),11.60490000,11.14070400,0.00000000,2026-09-04 17:47:44,CLOSED,TRAIL_STOP,2026-09-04 14:43:40,11.64270000,0.200000,0.125724,10.00,0.325724,titan_signal
TIA-USDT,SHORT,S3,کرونوس (Cronus),0.35130000,0.36535200,0.00000000,2026-09-04 17:47:46,CLOSED,TRAIL_STOP,2026-09-04 14:43:41,0.34797000,0.200000,0.747908,10.00,0.947908,titan_signal
SOL-USDT,SHORT,S2,ایاپتوس (Iapetus),100.67000000,104.69680000,0.00000000,2026-09-04 18:13:54,CLOSED,EOD_FORCE_CLOSE,2026-09-04 19:33:31,101.71000000,0.200000,-1.233078,10.00,-1.033078,titan_signal
SOL-USDT,SHORT,S3,کرونوس (Cronus),100.67000000,104.69680000,0.00000000,2026-09-04 18:13:55,CLOSED,EOD_FORCE_CLOSE,2026-09-04 19:33:31,101.71000000,0.200000,-1.233078,10.00,-1.033078,titan_signal
DOT-USDT,SHORT,S3,کرونوس (Cronus),0.84660000,0.88046400,0.00000000,2026-09-04 18:13:59,CLOSED,STOP_HIT,2026-09-04 19:33:32,0.88046400,0.200000,-4.200000,10.00,-4.000000,titan_signal
LINK-USDT,LONG,S3,کرونوس (Cronus),11.54480000,11.08300800,0.00000000,2026-09-04 18:14:01,CLOSED,TRAIL_STOP,2026-09-04 15:17:33,11.59205000,0.200000,0.209275,10.00,0.409275,titan_signal
LINK-USDT,LONG,B1,هایپریون (Hyperion),11.54480000,11.08300800,0.00000000,2026-09-04 18:14:02,CLOSED,TRAIL_STOP,2026-09-04 15:17:34,11.59205000,0.200000,0.209275,10.00,0.409275,titan_signal
FIL-USDT,SHORT,S3,کرونوس (Cronus),0.74380000,0.77355200,0.00000000,2026-09-04 18:14:03,CLOSED,EOD_FORCE_CLOSE,2026-09-04 19:33:32,0.75240000,0.200000,-1.356225,10.00,-1.156225,titan_signal
INJ-USDT,SHORT,S2,ایاپتوس (Iapetus),4.65700000,4.84328000,0.00000000,2026-09-04 18:14:06,CLOSED,EOD_FORCE_CLOSE,2026-09-04 19:33:33,4.77000000,0.200000,-2.626455,10.00,-2.426455,titan_signal
INJ-USDT,SHORT,S3,کرونوس (Cronus),4.65700000,4.84328000,0.00000000,2026-09-04 18:14:07,CLOSED,EOD_FORCE_CLOSE,2026-09-04 19:33:33,4.77000000,0.200000,-2.626455,10.00,-2.426455,titan_signal
SEI-USDT,SHORT,S3,کرونوس (Cronus),0.04672000,0.04858880,0.00000000,2026-09-04 18:14:08,CLOSED,EOD_FORCE_CLOSE,2026-09-04 19:33:34,0.04722000,0.200000,-1.270205,10.00,-1.070205,titan_signal
TIA-USDT,SHORT,S2,ایاپتوس (Iapetus),0.34780000,0.36171200,0.00000000,2026-09-04 18:14:10,CLOSED,EOD_FORCE_CLOSE,2026-09-04 19:33:35,0.35330000,0.200000,-1.781369,10.00,-1.581369,titan_signal
TIA-USDT,SHORT,S3,کرونوس (Cronus),0.34780000,0.36171200,0.00000000,2026-09-04 18:14:11,CLOSED,EOD_FORCE_CLOSE,2026-09-04 19:33:35,0.35330000,0.200000,-1.781369,10.00,-1.581369,titan_signal
OP-USDT,SHORT,S3,کرونوس (Cronus),0.09600000,0.09984000,0.00000000,2026-09-04 18:14:13,CLOSED,TRAIL_STOP,2026-09-04 15:17:36,0.09555000,0.200000,0.268750,10.00,0.468750,titan_signal
OP-USDT,SHORT,B2,اطلس (Atlas),0.09600000,0.09984000,0.00000000,2026-09-04 18:14:31,CLOSED,EOD_FORCE_CLOSE,2026-09-04 19:33:36,0.09900000,0.200000,-3.325000,10.00,-3.125000,titan_signal
SUI-USDT,SHORT,S2,ایاپتوس (Iapetus),0.74740000,0.77729600,0.00000000,2026-09-04 18:47:48,CLOSED,EOD_FORCE_CLOSE,2026-09-04 19:33:36,0.75940000,0.200000,-1.805566,10.00,-1.605566,titan_signal
SUI-USDT,SHORT,S3,کرونوس (Cronus),0.74740000,0.77729600,0.00000000,2026-09-04 18:47:49,CLOSED,EOD_FORCE_CLOSE,2026-09-04 19:33:37,0.75940000,0.200000,-1.805566,10.00,-1.605566,titan_signal
SUI-USDT,SHORT,B2,اطلس (Atlas),0.74740000,0.77729600,0.00000000,2026-09-04 18:47:51,CLOSED,EOD_FORCE_CLOSE,2026-09-04 19:33:37,0.75940000,0.200000,-1.805566,10.00,-1.605566,titan_signal
DOT-USDT,SHORT,S2,ایاپتوس (Iapetus),0.85160000,0.88566400,0.00000000,2026-09-04 18:47:52,CLOSED,EOD_FORCE_CLOSE,2026-09-04 19:33:38,0.87480000,0.200000,-2.924284,10.00,-2.724284,titan_signal
FIL-USDT,SHORT,S2,ایاپتوس (Iapetus),0.74720000,0.77708800,0.00000000,2026-09-04 18:47:55,CLOSED,TRAIL_STOP,2026-09-04 16:17:59,0.74306000,0.200000,0.354069,10.00,0.554069,titan_signal
TIA-USDT,SHORT,B2,اطلس (Atlas),0.34960000,0.36358400,0.00000000,2026-09-04 18:47:57,CLOSED,EOD_FORCE_CLOSE,2026-09-04 19:33:38,0.35330000,0.200000,-1.258352,10.00,-1.058352,titan_signal
OP-USDT,SHORT,S3,کرونوس (Cronus),0.09680000,0.10067200,0.00000000,2026-09-04 18:47:59,CLOSED,TRAIL_STOP,2026-09-04 15:43:22,0.09653000,0.200000,0.078926,10.00,0.278926,titan_signal
BNB-USDT,LONG,S3,کرونوس (Cronus),717.06000000,688.37760000,0.00000000,2026-09-04 19:13:24,CLOSED,TRAIL_STOP,2026-09-04 16:42:22,720.42240000,0.200000,0.268915,10.00,0.468915,titan_signal
SEI-USDT,SHORT,S2,ایاپتوس (Iapetus),0.04698000,0.04885920,0.00000000,2026-09-04 19:13:30,CLOSED,TRAIL_STOP,2026-09-04 18:18:56,0.04671900,0.200000,0.355556,10.00,0.555556,titan_signal
OP-USDT,SHORT,S2,ایاپتوس (Iapetus),0.09670000,0.10056800,0.00000000,2026-09-04 19:13:32,CLOSED,EOD_FORCE_CLOSE,2026-09-04 19:33:39,0.09900000,0.200000,-2.578490,10.00,-2.378490,titan_signal
OP-USDT,SHORT,S3,کرونوس (Cronus),0.09670000,0.10056800,0.00000000,2026-09-04 19:13:34,CLOSED,EOD_FORCE_CLOSE,2026-09-04 19:33:39,0.09900000,0.200000,-2.578490,10.00,-2.378490,titan_signal
BTC-USDT,SHORT,S2,ایاپتوس (Iapetus),79482.80000000,82662.11200000,0.00000000,2026-09-04 19:48:03,CLOSED,EOD_FORCE_CLOSE,2026-09-04 19:33:40,79720.40000000,0.200000,-0.498933,10.00,-0.298933,titan_signal
BTC-USDT,SHORT,S3,کرونوس (Cronus),79482.80000000,82662.11200000,0.00000000,2026-09-04 19:48:05,CLOSED,EOD_FORCE_CLOSE,2026-09-04 19:33:40,79720.40000000,0.200000,-0.498933,10.00,-0.298933,titan_signal
BTC-USDT,SHORT,B2,اطلس (Atlas),79482.80000000,82662.11200000,0.00000000,2026-09-04 19:48:06,CLOSED,EOD_FORCE_CLOSE,2026-09-04 19:33:41,79720.40000000,0.200000,-0.498933,10.00,-0.298933,titan_signal
ETH-USDT,SHORT,S2,ایاپتوس (Iapetus),2452.32000000,2550.41280000,0.00000000,2026-09-04 19:48:08,CLOSED,EOD_FORCE_CLOSE,2026-09-04 19:33:41,2455.72000000,0.200000,-0.338644,10.00,-0.138644,titan_signal
ETH-USDT,SHORT,S3,کرونوس (Cronus),2452.32000000,2550.41280000,0.00000000,2026-09-04 19:48:09,CLOSED,TRAIL_STOP,2026-09-04 18:18:57,2444.21100000,0.200000,0.130666,10.00,0.330666,titan_signal
AVAX-USDT,SHORT,S2,ایاپتوس (Iapetus),7.37800000,7.67312000,0.00000000,2026-09-04 19:48:14,CLOSED,TRAIL_STOP,2026-09-04 18:18:58,7.33480000,0.200000,0.385525,10.00,0.585525,titan_signal
AVAX-USDT,SHORT,S3,کرونوس (Cronus),7.37800000,7.67312000,0.00000000,2026-09-04 19:48:16,CLOSED,TRAIL_STOP,2026-09-04 17:15:35,7.35190000,0.200000,0.153754,10.00,0.353754,titan_signal
FIL-USDT,SHORT,S2,ایاپتوس (Iapetus),0.74680000,0.77667200,0.00000000,2026-09-04 19:48:17,CLOSED,TRAIL_STOP,2026-09-04 18:18:58,0.74248000,0.200000,0.378468,10.00,0.578468,titan_signal
PEPE-USDT,SHORT,S3,کرونوس (Cronus),0.00000352,0.00000366,0.00000000,2026-09-04 19:48:21,CLOSED,EOD_FORCE_CLOSE,2026-09-04 19:33:42,0.00000356,0.200000,-1.306697,10.00,-1.106697,titan_signal
ETH-USDT,SHORT,B2,اطلس (Atlas),2459.82000000,2558.21280000,0.00000000,2026-09-04 20:12:38,CLOSED,EOD_FORCE_CLOSE,2026-09-04 19:33:42,2455.72000000,0.200000,-0.033321,10.00,0.166679,titan_signal
BNB-USDT,LONG,S3,کرونوس (Cronus),720.72300000,691.89408000,0.00000000,2026-09-04 20:12:40,CLOSED,EOD_FORCE_CLOSE,2026-09-04 19:33:43,720.70300000,0.200000,-0.202775,10.00,-0.002775,titan_signal
BNB-USDT,LONG,B1,هایپریون (Hyperion),720.72300000,691.89408000,0.00000000,2026-09-04 20:12:41,CLOSED,EOD_FORCE_CLOSE,2026-09-04 19:33:44,720.70300000,0.200000,-0.202775,10.00,-0.002775,titan_signal
SOL-USDT,SHORT,B2,اطلس (Atlas),101.95000000,106.02800000,0.00000000,2026-09-04 20:12:43,CLOSED,EOD_FORCE_CLOSE,2026-09-04 19:33:44,101.72000000,0.200000,0.025601,10.00,0.225601,titan_signal
XAUT-USDT,SHORT,S3,کرونوس (Cronus),4430.61000000,4607.83440000,0.00000000,2026-09-04 20:12:45,CLOSED,TRAIL_STOP,2026-09-04 17:40:43,4418.36100000,0.200000,0.076463,10.00,0.276463,titan_signal
NEAR-USDT,LONG,S3,کرونوس (Cronus),1.96830000,1.88956800,0.00000000,2026-09-04 20:12:48,CLOSED,TRAIL_STOP,2026-09-04 17:15:37,1.98252000,0.200000,0.522451,10.00,0.722451,titan_signal
NEAR-USDT,LONG,B1,هایپریون (Hyperion),1.96830000,1.88956800,0.00000000,2026-09-04 20:12:49,CLOSED,TRAIL_STOP,2026-09-04 17:15:37,1.98252000,0.200000,0.522451,10.00,0.722451,titan_signal
AVAX-USDT,SHORT,B2,اطلس (Atlas),7.39300000,7.68872000,0.00000000,2026-09-04 20:12:51,CLOSED,EOD_FORCE_CLOSE,2026-09-04 19:33:45,7.38600000,0.200000,-0.105316,10.00,0.094684,titan_signal
SEI-USDT,SHORT,B2,اطلس (Atlas),0.04717000,0.04905680,0.00000000,2026-09-04 20:12:54,CLOSED,EOD_FORCE_CLOSE,2026-09-04 19:33:45,0.04721000,0.200000,-0.284800,10.00,-0.084800,titan_signal
SHIB-USDT,SHORT,S2,ایاپتوس (Iapetus),0.00000522,0.00000543,0.00000000,2026-09-04 20:12:56,CLOSED,TRAIL_STOP,2026-09-04 18:19:00,0.00000519,0.200000,0.369184,10.00,0.569184,titan_signal
SHIB-USDT,SHORT,S3,کرونوس (Cronus),0.00000522,0.00000543,0.00000000,2026-09-04 20:12:57,CLOSED,TRAIL_STOP,2026-09-04 17:15:38,0.00000520,0.200000,0.144960,10.00,0.344960,titan_signal
XAUT-USDT,SHORT,B2,اطلس (Atlas),4426.18000000,4603.22720000,0.00000000,2026-09-04 20:45:53,CLOSED,EOD_FORCE_CLOSE,2026-09-04 19:33:46,4431.32000000,0.200000,-0.316127,10.00,-0.116127,titan_signal
LTC-USDT,SHORT,S2,ایاپتوس (Iapetus),50.41000000,52.42640000,0.00000000,2026-09-04 20:45:54,CLOSED,EOD_FORCE_CLOSE,2026-09-04 19:33:46,50.65000000,0.200000,-0.676096,10.00,-0.476096,titan_signal
LTC-USDT,SHORT,S3,کرونوس (Cronus),50.41000000,52.42640000,0.00000000,2026-09-04 20:45:56,CLOSED,TRAIL_STOP,2026-09-04 18:19:00,50.23900000,0.200000,0.139218,10.00,0.339218,titan_signal
NEAR-USDT,LONG,S3,کرونوس (Cronus),1.96890000,1.89014400,0.00000000,2026-09-04 20:45:58,CLOSED,TRAIL_STOP,2026-09-04 17:40:45,2.00652000,0.200000,1.710712,10.00,1.910712,titan_signal
NEAR-USDT,LONG,B1,هایپریون (Hyperion),1.96890000,1.89014400,0.00000000,2026-09-04 20:46:00,CLOSED,TRAIL_STOP,2026-09-04 17:40:45,2.00652000,0.200000,1.710712,10.00,1.910712,titan_signal
LINK-USDT,LONG,S3,کرونوس (Cronus),11.64520000,11.17939200,0.00000000,2026-09-04 20:46:03,CLOSED,TRAIL_STOP,2026-09-04 19:33:47,11.70802000,0.200000,0.339450,10.00,0.539450,titan_signal
AVAX-USDT,SHORT,S3,کرونوس (Cronus),7.34900000,7.64296000,0.00000000,2026-09-04 20:46:05,CLOSED,EOD_FORCE_CLOSE,2026-09-04 19:33:48,7.38600000,0.200000,-0.703470,10.00,-0.503470,titan_signal
ATOM-USDT,SHORT,S2,ایاپتوس (Iapetus),1.48850000,1.54804000,0.00000000,2026-09-04 20:46:06,CLOSED,EOD_FORCE_CLOSE,2026-09-04 19:33:48,1.50320000,0.200000,-1.187571,10.00,-0.987571,titan_signal
ATOM-USDT,SHORT,S3,کرونوس (Cronus),1.48850000,1.54804000,0.00000000,2026-09-04 20:46:08,CLOSED,TRAIL_STOP,2026-09-04 18:19:01,1.48184000,0.200000,0.247430,10.00,0.447430,titan_signal
ATOM-USDT,SHORT,B2,اطلس (Atlas),1.48850000,1.54804000,0.00000000,2026-09-04 20:46:09,CLOSED,EOD_FORCE_CLOSE,2026-09-04 19:33:49,1.50320000,0.200000,-1.187571,10.00,-0.987571,titan_signal
SHIB-USDT,SHORT,S3,کرونوس (Cronus),0.00000520,0.00000541,0.00000000,2026-09-04 20:46:13,CLOSED,EOD_FORCE_CLOSE,2026-09-04 19:33:49,0.00000522,0.200000,-0.565525,10.00,-0.365525,titan_signal
XRP-USDT,SHORT,S2,ایاپتوس (Iapetus),1.39382000,1.44957280,0.00000000,2026-09-04 21:10:53,CLOSED,EOD_FORCE_CLOSE,2026-09-04 19:33:50,1.40252000,0.200000,-0.824184,10.00,-0.624184,titan_signal
XRP-USDT,SHORT,S3,کرونوس (Cronus),1.39382000,1.44957280,0.00000000,2026-09-04 21:10:54,CLOSED,EOD_FORCE_CLOSE,2026-09-04 19:33:50,1.40252000,0.200000,-0.824184,10.00,-0.624184,titan_signal
XRP-USDT,SHORT,B2,اطلس (Atlas),1.39382000,1.44957280,0.00000000,2026-09-04 21:10:56,CLOSED,EOD_FORCE_CLOSE,2026-09-04 19:33:51,1.40252000,0.200000,-0.824184,10.00,-0.624184,titan_signal
XAUT-USDT,SHORT,S2,ایاپتوس (Iapetus),4417.00000000,4593.68000000,0.00000000,2026-09-04 21:10:58,CLOSED,EOD_FORCE_CLOSE,2026-09-04 19:33:51,4431.32000000,0.200000,-0.524202,10.00,-0.324202,titan_signal
XAUT-USDT,SHORT,S3,کرونوس (Cronus),4417.00000000,4593.68000000,0.00000000,2026-09-04 21:10:59,CLOSED,EOD_FORCE_CLOSE,2026-09-04 19:33:52,4431.32000000,0.200000,-0.524202,10.00,-0.324202,titan_signal
NEAR-USDT,LONG,S3,کرونوس (Cronus),1.98620000,1.90675200,0.00000000,2026-09-04 21:11:02,CLOSED,TRAIL_STOP,2026-09-04 18:19:03,2.00249000,0.200000,0.620159,10.00,0.820159,titan_signal
NEAR-USDT,LONG,B1,هایپریون (Hyperion),1.98620000,1.90675200,0.00000000,2026-09-04 21:11:03,CLOSED,TRAIL_STOP,2026-09-04 18:19:03,2.00249000,0.200000,0.620159,10.00,0.820159,titan_signal
ETH-USDT,SHORT,S3,کرونوس (Cronus),2447.52000000,2545.42080000,0.00000000,2026-09-04 21:49:21,CLOSED,EOD_FORCE_CLOSE,2026-09-04 19:33:52,2455.72000000,0.200000,-0.535033,10.00,-0.335033,titan_signal
LTC-USDT,SHORT,S3,کرونوس (Cronus),50.33000000,52.34320000,0.00000000,2026-09-04 21:49:23,CLOSED,EOD_FORCE_CLOSE,2026-09-04 19:33:53,50.64000000,0.200000,-0.815935,10.00,-0.615935,titan_signal
LTC-USDT,SHORT,B2,اطلس (Atlas),50.33000000,52.34320000,0.00000000,2026-09-04 21:49:26,CLOSED,EOD_FORCE_CLOSE,2026-09-04 19:33:53,50.64000000,0.200000,-0.815935,10.00,-0.615935,titan_signal
NEAR-USDT,LONG,S3,کرونوس (Cronus),1.99820000,1.91827200,0.00000000,2026-09-04 21:49:28,CLOSED,TRAIL_STOP,2026-09-04 18:43:09,2.02079000,0.200000,0.930517,10.00,1.130517,titan_signal
NEAR-USDT,LONG,B1,هایپریون (Hyperion),1.99820000,1.91827200,0.00000000,2026-09-04 21:49:30,CLOSED,TRAIL_STOP,2026-09-04 18:43:10,2.02079000,0.200000,0.930517,10.00,1.130517,titan_signal
DOT-USDT,SHORT,B2,اطلس (Atlas),0.85960000,0.89398400,0.00000000,2026-09-04 21:49:31,CLOSED,EOD_FORCE_CLOSE,2026-09-04 19:33:54,0.87460000,0.200000,-1.944998,10.00,-1.744998,titan_signal
LINK-USDT,SHORT,S2,ایاپتوس (Iapetus),11.62390000,12.08885600,0.00000000,2026-09-04 21:49:34,CLOSED,EOD_FORCE_CLOSE,2026-09-04 19:33:55,11.70940000,0.200000,-0.935553,10.00,-0.735553,titan_signal
LINK-USDT,SHORT,S3,کرونوس (Cronus),11.62390000,12.08885600,0.00000000,2026-09-04 21:49:36,CLOSED,EOD_FORCE_CLOSE,2026-09-04 19:33:55,11.70940000,0.200000,-0.935553,10.00,-0.735553,titan_signal
AVAX-USDT,SHORT,S2,ایاپتوس (Iapetus),7.34900000,7.64296000,0.00000000,2026-09-04 21:49:37,CLOSED,EOD_FORCE_CLOSE,2026-09-04 19:33:56,7.38600000,0.200000,-0.703470,10.00,-0.503470,titan_signal
ATOM-USDT,SHORT,S3,کرونوس (Cronus),1.48370000,1.54304800,0.00000000,2026-09-04 21:49:38,CLOSED,EOD_FORCE_CLOSE,2026-09-04 19:33:56,1.50320000,0.200000,-1.514282,10.00,-1.314282,titan_signal
FIL-USDT,SHORT,S2,ایاپتوس (Iapetus),0.74490000,0.77469600,0.00000000,2026-09-04 21:49:40,CLOSED,EOD_FORCE_CLOSE,2026-09-04 19:33:57,0.75240000,0.200000,-1.206847,10.00,-1.006847,titan_signal
FIL-USDT,SHORT,B2,اطلس (Atlas),0.74490000,0.77469600,0.00000000,2026-09-04 21:49:59,CLOSED,EOD_FORCE_CLOSE,2026-09-04 19:33:57,0.75240000,0.200000,-1.206847,10.00,-1.006847,titan_signal
INJ-USDT,SHORT,B2,اطلس (Atlas),4.72200000,4.91088000,0.00000000,2026-09-04 21:50:06,CLOSED,EOD_FORCE_CLOSE,2026-09-04 19:33:58,4.76600000,0.200000,-1.131809,10.00,-0.931809,titan_signal
SEI-USDT,SHORT,S2,ایاپتوس (Iapetus),0.04682000,0.04869280,0.00000000,2026-09-04 21:50:07,CLOSED,EOD_FORCE_CLOSE,2026-09-04 19:33:59,0.04721000,0.200000,-1.032977,10.00,-0.832977,titan_signal
SHIB-USDT,SHORT,S2,ایاپتوس (Iapetus),0.00000520,0.00000540,0.00000000,2026-09-04 21:50:10,CLOSED,EOD_FORCE_CLOSE,2026-09-04 19:33:59,0.00000522,0.200000,-0.623484,10.00,-0.423484,titan_signal
DOGE-USDT,SHORT,S2,ایاپتوس (Iapetus),0.08463000,0.08801520,0.00000000,2026-09-04 22:13:23,CLOSED,EOD_FORCE_CLOSE,2026-09-04 19:34:00,0.08480000,0.200000,-0.400874,10.00,-0.200874,titan_signal
DOGE-USDT,SHORT,S3,کرونوس (Cronus),0.08463000,0.08801520,0.00000000,2026-09-04 22:13:24,CLOSED,EOD_FORCE_CLOSE,2026-09-04 19:34:01,0.08480000,0.200000,-0.400874,10.00,-0.200874,titan_signal
DOGE-USDT,SHORT,B2,اطلس (Atlas),0.08463000,0.08801520,0.00000000,2026-09-04 22:13:26,CLOSED,EOD_FORCE_CLOSE,2026-09-04 19:34:01,0.08480000,0.200000,-0.400874,10.00,-0.200874,titan_signal
NEAR-USDT,LONG,S3,کرونوس (Cronus),2.02230000,1.94140800,0.00000000,2026-09-04 22:13:28,CLOSED,TRAIL_STOP,2026-09-04 19:34:02,2.10933000,0.200000,4.103516,10.00,4.303516,titan_signal
NEAR-USDT,LONG,B1,هایپریون (Hyperion),2.02230000,1.94140800,0.00000000,2026-09-04 22:13:30,CLOSED,TRAIL_STOP,2026-09-04 19:34:03,2.10933000,0.200000,4.103516,10.00,4.303516,titan_signal
ADA-USDT,SHORT,S2,ایاپتوس (Iapetus),0.21250000,0.22100000,0.00000000,2026-09-04 22:13:31,CLOSED,EOD_FORCE_CLOSE,2026-09-04 19:34:04,0.21390000,0.200000,-0.858824,10.00,-0.658824,titan_signal
ADA-USDT,SHORT,S3,کرونوس (Cronus),0.21250000,0.22100000,0.00000000,2026-09-04 22:13:33,CLOSED,EOD_FORCE_CLOSE,2026-09-04 19:34:04,0.21390000,0.200000,-0.858824,10.00,-0.658824,titan_signal
ADA-USDT,SHORT,B2,اطلس (Atlas),0.21250000,0.22100000,0.00000000,2026-09-04 22:13:34,CLOSED,EOD_FORCE_CLOSE,2026-09-04 19:34:05,0.21390000,0.200000,-0.858824,10.00,-0.658824,titan_signal
SHIB-USDT,SHORT,B2,اطلس (Atlas),0.00000520,0.00000541,0.00000000,2026-09-04 22:13:38,CLOSED,EOD_FORCE_CLOSE,2026-09-04 19:34:05,0.00000522,0.200000,-0.449808,10.00,-0.249808,titan_signal
